MWnum,haloId,Mgal,Mhalo,zmerge,Rapomed,RapoIQR,eccmed,eccIQR,agemed,ageIQR,FeHmed,FeHIQR,Lzmed,LzIQR,Emed,EIQR,Enormmed,EnormIQR,Ngc
0,100829,74421441.3642,11244582904.7,0.18271,68.4746,0.0,0.776178,0.0,11.7269763322,0.0,-1.28363,0.0,3046.61157464,0.0,-44068.9191776,0.0,-0.596154637659,0.0,1
0,100306,9400819.81566,6400926707.33,0.365669,145.3377,79.6453,0.6833715,0.2789335,12.0655015247,0.147750010603,-2.244655,0.068295,-1594.06256218,2768.550985,-27264.734132,5842.00801497,-0.3688313215,0.0790293984143,2
0,99375,12597126.4157,4811657289.5,0.73563,65.25295,2.15675,0.2356895,0.0651245,11.5398129487,0.00801290704209,-1.977465,0.021495,-1019.85224134,1095.76744958,-35327.9001896,985.447227013,-0.477908056967,0.0133309131587,2
0,97736,351745241.139,32187144946.6,1.004122,24.7651,29.794375,0.709924,0.24808575,11.0759914427,0.793812452863,-1.22918,0.4674875,1523.29193846,3186.53820044,-56355.8177991,25124.85007,-0.762369097473,0.339883440966,20
0,98052,212060776.0,47341493514.0,1.004122,34.31075,18.177275,0.3990715,0.10265575,11.0705659032,0.0556311082611,-1.418995,0.220285,3099.47142169,2553.96610744,-48802.7561043,19943.4756145,-0.660192941535,0.269790947918,10
0,96292,754032232.9,85002784622.1,1.486707,25.69305,22.847775,0.749178,0.14716325,11.518514954,0.693344119589,-1.64228,0.6371725,272.641764161,1351.09389525,-62428.9946123,15547.1590688,-0.844525696502,0.210318545457,22
0,97064,15094719.4886,11084588805.0,1.486707,38.8618,0.0,0.587197,0.0,11.8192553867,0.0,-1.22485,0.0,2925.32748467,0.0,-54447.0107779,0.0,-0.736547176279,0.0,1
0,94573,4244686.95378,2772036169.74,2.478413,13.8243,0.0,0.583573,0.0,12.6154753087,0.0,-2.26622,0.0,363.825004934,0.0,-68285.0354806,0.0,-0.923744928267,0.0,1
0,93636,5581206.39473,732414830.095,5.971162,9.93794,0.0,0.563307,0.0,13.0676816547,0.0,-1.85373,0.0,453.840938983,0.0,-81885.2830722,0.0,-1.10772608384,0.0,1
1,6826,100742380.473,15943421891.1,0.503107,38.0206,13.2995,0.592135,0.1470015,10.9108841989,0.503961231581,-1.93551,0.5622975,-1032.1536831,1259.41033371,-54160.1727074,11079.5697797,-0.690215042157,0.141197587458,4
1,6421,4007362.11526,5473789078.87,0.61519,42.0102,0.0,0.568494,0.0,13.1169119844,0.0,-2.0639,0.0,2397.0687017,0.0,-51602.7136369,0.0,-0.657622887591,0.0,1
1,4588,974937879.847,98328465853.9,0.865051,27.022,25.13085,0.867271,0.1250635,10.4786985321,1.47100284026,-1.01471,0.6350115,54.346277326,380.852179124,-67086.4161552,18644.9803681,-0.85494656387,0.237610872851,51
1,5538,101248506.263,17527063740.4,0.865051,50.1778,11.0385,0.867037,0.1239375,12.9303734632,0.247206554642,-1.97195,0.215995,-18.5861176864,1826.22578975,-49339.2436906,5498.54869402,-0.62877731849,0.0700732813233,3
1,2051,145665914.264,26111068390.7,1.736966,20.2967,6.13125,0.736327,0.143248,11.2027648687,1.02919663293,-1.36993,0.407295,46.9316544494,362.925003906,-76832.1180152,9581.37269228,-0.979145392711,0.1221046246,11
1,1200,55820997.3674,14066116567.5,2.478413,27.8409,19.056425,0.7986495,0.120376,12.5627089684,0.139106966966,-1.96197,0.157285,-344.53881505,782.95075089,-71229.2460739,11238.2045547,-0.90774262016,0.14321922259,4
1,1316,18809024.4545,9179653557.81,2.478413,17.1873,27.179195,0.747983,0.1059195,12.2504954939,0.0420042327426,-1.82424,0.37723,399.283955109,875.834317342,-76919.9842753,29873.4773906,-0.980265156762,0.380706383045,3
1,763,24020486.803,7038408365.68,3.016505,8.97019,2.10601,0.454552,0.122788,12.2333250813,0.131305095645,-1.61043,0.20605,222.21371575,16.0164668168,-94848.8818233,4408.56438848,-1.20875029923,0.0561825655854,2
1,843,31716044.6091,1352991355.24,3.016505,1.39036,0.0,0.196095,0.0,12.1064749568,0.0,-1.5973,0.0,-41.635872064,0.0,-132326.08526,0.0,-1.6863582583,0.0,1
2,16357,168214309.826,30092424711.0,0.0,262.0125,3.2295,0.954199,0.015,9.22637770281,1.59883101207,-1.4803,0.25465,-2743.96469873,522.265242244,-27274.6544633,2515.72835993,-0.230479839893,0.0212587356658,2
2,14727,54468250.2971,9860601223.94,0.18271,128.478,22.403275,0.654994,0.03382875,10.779401861,0.441055494006,-1.6403,0.0750075,5261.76526091,1462.69343923,-42652.7571644,7263.7721381,-0.360429887588,0.0613812740197,4
2,12737,241125337.543,27643154904.7,0.365669,128.833,15.16,0.754722,0.05836625,9.12603154389,0.627552765101,-1.0957745,0.58002175,5223.61967702,1352.0676339,-40553.0514767,8306.04643467,-0.342686680929,0.0701888361218,4
2,11513,31380166.565,6734575513.93,0.503107,93.8736,0.0,0.725587,0.0,12.7933178509,0.0,-2.29265,0.0,-2194.57695475,0.0,-52933.5654025,0.0,-0.447306113276,0.0,1
2,11796,3181069.71197,2349100229.71,0.503107,58.695,0.0,0.481506,0.0,13.0428823296,0.0,-1.79404,0.0,-5461.63893273,0.0,-66786.6375287,0.0,-0.564369148848,0.0,1
2,9366,230592088.844,41321197477.1,0.73563,67.01,27.9777,0.418291,0.2356495,10.6272027894,0.0742869315965,-1.69296,0.436515,5209.49933295,2691.41761305,-62056.2261962,17433.1978681,-0.524395610485,0.14731628072,23
2,9647,80597242.4078,27286454043.6,0.73563,105.663,14.54,0.901769,0.092207,11.366190333,0.0375852025199,-1.58118,0.33863,1541.82152626,1670.81422938,-51267.1098439,9063.87334514,-0.433224013322,0.0765927238494,5
2,8204,238005207.653,35858287983.0,0.865051,57.0873,20.2305,0.711515,0.0687235,11.1737046117,1.28995630224,-1.4928,0.62991,-336.315938807,1859.67698708,-69575.1126051,11047.0542764,-0.587932684365,0.0933512578259,11
2,7231,11812075.3899,3923717828.49,1.004122,36.39685,5.29845,0.5568945,0.0087925,10.7894170989,0.00387109145947,-2.025715,0.097395,3365.83726542,684.406430764,-82101.5672922,2351.93903535,-0.693785364354,0.0198746617682,2
2,5635,142046041.931,26597481694.2,1.486707,51.4521,51.2735,0.855007,0.152416,11.9064956545,0.984232268651,-1.6019,0.274135,-1177.71531563,4229.13653933,-71882.7727619,23806.9262457,-0.607433174983,0.201176390954,11
2,3757,1418224338.13,116663420994.0,1.736966,13.7029,7.427225,0.775184,0.19037075,11.3912067715,1.23088310317,-0.8592915,0.7588795,53.3595016536,580.1084851,-117213.10246,20253.4742613,-0.990489434971,0.171148547869,156
2,1148,19405630.218,8288426474.52,3.016505,5.64964,0.0,0.314109,0.0,12.6549341564,0.0,-1.74233,0.0,-648.788225104,0.0,-136180.177498,0.0,-1.15076748446,0.0,1
2,854,5539245.25897,4913198467.69,3.527977,23.905,0.0,0.969043,0.0,13.3978331451,0.0,-1.905,0.0,111.367269939,0.0,-90187.7883791,0.0,-0.762116603672,0.0,2
2,660,30035012.1717,9953441812.66,3.983664,6.31744,0.0,0.749228,0.0,12.7441316555,0.0,-1.98519,0.0,170.532164013,0.0,-132513.848796,0.0,-1.11978579583,0.0,1
3,9192,520548825.157,56830943466.3,0.0,58.4056,16.5481,0.364678,0.044387,9.03813782522,1.19285970357,-0.890926,0.447048,-5803.47500965,2900.72176689,-55368.9941422,10812.0947598,-0.557062472566,0.108779513405,9
3,6562,57225539.5503,10816644950.3,0.61519,87.30175,18.53225,0.8258,0.024877,11.182385727,0.619493867623,-1.66287,0.3209,966.474451987,208.290629851,-54040.0475757,4843.73525976,-0.543692060628,0.0487323850118,2
3,6171,40660984.292,6410094318.58,0.73563,85.29265,14.75535,0.7115825,0.2327735,10.1470629031,0.0461238337809,-1.586375,0.030615,46.7077513415,961.69046586,-49674.0406082,10430.1943357,-0.499766057019,0.10493724757,2
3,4415,130174077.153,17942290962.6,1.259331,37.7936,10.2517,0.510158,0.03349,11.8109731181,0.119719268323,-1.76862,0.34629,-3328.9595073,1382.72709154,-65249.070519,9653.06828637,-0.656465032805,0.0971186522486,5
3,3255,1713890685.12,84645350246.4,1.486707,13.8461,6.687525,0.827751,0.14423725,10.491446675,1.13082981426,-0.712498,0.4870825,110.09179189,290.793759594,-98955.6187135,12615.6574798,-0.995583584077,0.126924995796,86
3,2091,5785277.62687,3686021989.79,2.01241,31.2253,0.0,0.738359,0.0,13.2059860351,0.0,-1.97642,0.0,-432.702825128,0.0,-74718.7794579,0.0,-0.751738923142,0.0,1
3,1608,34969032.6045,11982682251.9,2.237037,18.8108,2.971,0.697441,0.23406,12.0940295438,0.0432667778428,-1.38884,0.20321,-281.95836672,956.281830383,-91456.4068947,10336.8487062,-0.920134688124,0.103998105583,7
3,810,459704148.491,52057284247.8,2.478413,10.5115,8.4564875,0.666852,0.2555815,12.1356980017,0.190597998399,-1.381355,0.539325,61.4171981284,273.0759696,-108938.061039,22276.3418781,-1.09601603893,0.224120273063,18
3,1133,34462288.4068,27024191847.5,2.478413,7.43116,0.0,0.485376,0.0,13.0404538644,0.0,-2.06788,0.0,-310.071562654,0.0,-105096.493054,0.0,-1.05736636877,0.0,1
4,4961,818460680.609,60839221701.6,0.73563,22.7273,8.87285,0.841029,0.110069,10.6399019261,2.09888754261,-0.73785,0.892714,157.494544391,622.388718608,-58222.2099499,9712.93536734,-0.856605583433,0.142903449978,15
4,4213,265417506.478,45376856875.5,0.865051,39.7967,17.37725,0.829494,0.19427,11.0575290774,0.930149888441,-1.52171,0.222635,605.24770078,1141.7687442,-47194.9676301,7373.27695134,-0.69436513689,0.108480770657,11
4,2893,23928615.411,6986572465.59,1.486707,47.4043,0.0,0.797497,0.0,12.9761055762,0.0,-2.28416,0.0,19.1959566527,0.0,-33927.6905298,0.0,-0.499167743132,0.0,1
4,1276,689598398.169,88195904915.7,2.237037,8.021475,4.5782475,0.6506145,0.2364555,12.226392664,0.596223204425,-1.426355,0.93703,-66.2159008131,442.530351402,-78575.5515965,13548.4269334,-1.1560580795,0.199333865339,38
4,638,80715275.8974,19753751491.6,3.016505,13.664,14.7952,0.738991,0.151134,12.6070224472,0.0225623411216,-2.11923,0.21242,195.912658439,959.828808963,-70196.1205015,12175.6426306,-1.03277407039,0.179136509387,5
4,72,9317984.0528,11408037891.0,5.971162,4.68265,0.0,0.388614,0.0,13.121756842,0.0,-2.33383,0.0,323.871341954,0.0,-87308.2250485,0.0,-1.28453923547,0.0,1
5,38533,15035573.9087,2888809426.16,0.100639,81.1159,0.0,0.562635,0.0,13.0119787056,0.0,-2.37411,0.0,6831.83888527,0.0,-45478.841502,0.0,-0.563396725569,0.0,1
5,36649,136164005.341,30876954466.9,0.503107,101.731,0.0,0.857411,0.0,10.4076001624,0.0,-1.09777,0.0,-3099.53931107,0.0,-43744.7531646,0.0,-0.541914654811,0.0,1
5,34823,9420585.68405,4287154005.75,1.004122,79.87095,20.09325,0.7246535,0.0626425,12.4493652835,0.155366114987,-1.818565,0.229335,-1107.40643693,529.709054729,-42957.3289616,9880.06399548,-0.532159960036,0.122395283601,2
5,34162,66507906.7331,15142038893.3,1.259331,59.3192,0.0,0.905183,0.0,11.8003229814,0.0,-2.14455,0.0,-112.074045355,0.0,-54736.6950141,0.0,-0.678083999525,0.0,1
5,34370,11587549.4515,6945661445.17,1.259331,47.24245,2.16935,0.844853,0.062072,12.7346144885,0.00820118748265,-1.91723,0.34035,-768.824971274,285.610547738,-60358.4306123,242.056080477,-0.747726658032,0.00299861646958,2
5,31914,132888421.401,24538346583.7,2.478413,16.4501,3.07105,0.786908,0.0713365,12.7264133011,0.626874222903,-1.72174,0.560235,-240.078263953,261.403858695,-81061.8253254,5387.06599285,-1.00420251371,0.0667355464775,7
5,31458,11015754.7356,10449790103.2,3.016505,20.1764,6.003885,0.587399,0.227147,13.291708377,0.349019675373,-2.01737,0.126,383.250458291,828.996279934,-68383.6998634,11849.7851921,-0.847144547067,0.14679639928,3
5,30486,70336876.5825,16979728280.5,3.983664,6.88405,13.9416,0.498516,0.11790875,12.9884020819,0.336451878937,-1.531975,0.43337,89.2349062542,505.466149199,-102699.16513,37205.352343,-1.27224818052,0.460903861916,8
5,30592,45480540.824,13738970005.8,3.983664,18.40285,4.61915,0.7815735,0.10885125,12.5446512559,0.145057447325,-1.971505,0.236905,16.2032346814,508.174910458,-81329.2515169,12131.3233607,-1.00751541782,0.150284124056,4
5,29918,20965040.681,5027662340.97,5.487415,3.63073,0.0,0.795403,0.0,13.4395359366,0.0,-1.7617,0.0,43.1387633446,0.0,-122004.194335,0.0,-1.51140093556,0.0,1
6,6873,54749519.4717,18516245784.7,0.18271,62.6916,9.70735,0.47246,0.0789065,11.1892802096,0.288895260127,-1.48838,0.25062,-2553.75037356,756.245810041,-38900.6792303,5765.16008469,-0.54938229794,0.0814195782177,3
6,6552,7155285.15393,8298664014.21,0.270901,118.417,0.0,0.944906,0.0,13.0423626945,0.0,-2.24397,0.0,-486.595256229,0.0,-28223.7573388,0.0,-0.398595422241,0.0,1
6,5935,13003868.8728,8840811222.69,0.365669,81.6047,0.0,0.863327,0.0,11.2331444297,0.0,-1.52508,0.0,-1954.04805329,0.0,-37912.993814,0.0,-0.535433521352,0.0,1
6,4241,67905378.4503,22247077899.1,0.865051,36.95685,6.7514,0.635787,0.19603675,11.0493679839,0.315626664876,-1.87355,0.2226275,2000.83681409,1658.59347744,-50146.2266394,3880.56263112,-0.708199696489,0.0548039894872,4
6,2961,289836627.721,44326516965.2,1.259331,21.28195,10.276125,0.817274,0.117976,10.9998881588,0.918149364765,-1.397215,0.3333025,427.946379458,501.023175017,-64959.5446836,11209.3674654,-0.917403619615,0.158306440361,12
7,20882,1178409750.88,76952926244.0,0.18271,16.4729,2.0706,0.776327,0.164289,11.5279652627,2.20148780033,-0.889965,1.22484,790.42213745,352.643087939,-56459.0267683,5075.11340841,-1.06664021865,0.0958805063683,13
7,17775,9919295.73005,5375114675.64,1.259331,29.6434,0.0,0.868149,0.0,11.4259738862,0.0,-1.54635,0.0,-309.355641961,0.0,-37874.644664,0.0,-0.715538711488,0.0,1
7,16639,61214148.011,21985719843.2,2.478413,7.37577,4.182705,0.688456,0.158794,12.0368676887,0.313593463991,-1.61334,0.47891,-180.665591112,121.163889035,-70158.614696,6250.59413544,-1.32545678526,0.118088027317,3
7,16277,12113584.5458,10121832629.9,3.527977,5.49862,0.0,0.332602,0.0,12.2354907305,0.0,-1.91729,0.0,190.992090252,0.0,-71862.3751949,0.0,-1.35764472004,0.0,1
8,1879,17480750.8841,7303867594.09,1.259331,27.44485,2.02765,0.815534,0.051448,11.4974533991,0.0102923870138,-2.10306,0.29815,539.350651661,572.762825811,-44115.8748571,1237.25274109,-0.885160358336,0.0248247843481,2
8,81,5224986.58975,2475145539.65,7.049566,7.81635,0.0,0.479654,0.0,13.1242444541,0.0,-2.12835,0.0,372.618211031,0.0,-60590.6309996,0.0,-1.21571712725,0.0,1
9,6860,1245898466.57,92586979184.2,0.0,45.4784,20.1255,0.680519,0.120614,8.68284513838,2.71297713559,-1.10111,0.644631,1498.5323276,755.464263103,-35232.995954,5631.91356521,-0.717053247903,0.114619316482,17
9,2328,23156656.5996,13518476795.8,1.486707,36.7163,0.0,0.528988,0.0,11.4616804947,0.0,-1.49827,0.0,-1116.66677638,0.0,-37261.8878476,0.0,-0.758344755553,0.0,1
9,2479,16471715.027,4392289316.76,1.486707,14.6325,0.0,0.572904,0.0,11.4419367679,0.0,-2.30213,0.0,141.330863753,0.0,-51301.6598373,0.0,-1.04407873396,0.0,1
9,1115,29495059.4599,16583231182.5,2.237037,9.524,0.0,0.67014,0.0,11.7179739462,0.0,-1.48783,0.0,197.78637682,0.0,-64245.3380151,0.0,-1.30750528131,0.0,1
9,1280,18701993.4754,9606384819.41,2.237037,7.1695,0.0,0.509764,0.0,12.2936612216,0.0,-2.02792,0.0,-477.14596252,0.0,-65454.7592174,0.0,-1.33211912347,0.0,1
10,18674,210881705.404,30847269119.9,0.18271,170.16,152.826925,0.936166,0.16300625,11.6749199931,2.73243897713,-1.29922,0.65627,475.419297622,7919.09217427,-48719.9022038,10343.4894753,-0.366688825117,0.0778499510827,4
10,13166,6274201973.04,224973966506.0,0.365669,20.5561,17.9569,0.826725,0.165041,8.07223448895,0.703838925283,-0.627553,0.29536,49.7787542714,725.905465822,-117645.121349,29311.5718367,-0.8854523383,0.220612631655,107
10,11839,34197503.2432,12243252263.5,0.503107,55.8589,0.0,0.358626,0.0,10.392636731,0.0,-1.26042,0.0,7624.10525883,0.0,-75105.5860191,0.0,-0.565279851792,0.0,1
10,9275,28910406.1504,14024871771.6,0.865051,90.0994,0.0,0.857799,0.0,10.8868902167,0.0,-1.99081,0.0,-1331.47752381,0.0,-53265.0682173,0.0,-0.400897875424,0.0,1
10,7593,239333685.642,36806558567.1,1.004122,67.2586,24.725575,0.777123,0.23569825,11.4544591936,1.70595163004,-1.70743,0.6427475,-551.00311,2978.97934106,-77445.9363714,23381.4840543,-0.582894425759,0.175980010828,18
10,6765,75397797.7897,12144337753.0,1.259331,48.5524,0.4341,0.6738205,0.1612065,11.4752828775,0.698490160523,-1.60886,0.14122,3309.57365583,1649.86131076,-81821.2927868,7903.458031,-0.61582540942,0.0594851304838,2
10,6881,1121151318.89,8278537222.25,1.259331,24.3549,22.42345,0.796352,0.0421375,9.91026673448,0.169458505193,-0.794966,0.291276,6.91025983261,1133.49722817,-113707.110657,32317.4224304,-0.855813023598,0.243236072442,7
10,2681,1254131154.75,112036053051.0,1.736966,33.8218,52.9859,0.790788,0.227792,11.233497986,0.746184509624,-1.03281,0.484228,-104.417847296,1798.93168888,-104343.651472,37333.569986,-0.785339239943,0.280989950643,37
10,3655,1666205100.33,137594320684.0,1.736966,11.549,13.61539,0.62019,0.439976,11.8586554875,0.912162719467,-1.30053,0.621267,94.9788129665,857.15576526,-133475.906475,30691.8839939,-1.00460224904,0.231001508075,37
10,935,210517504.27,40644432778.2,2.237037,12.71488,16.46938,0.546013,0.1454555,12.3970471353,0.373914815859,-1.855415,0.344915,-232.807706942,848.871404796,-133427.221991,30324.2622019,-1.00423582678,0.228234614119,8
10,255,7895246.92978,3455015292.68,3.527977,10.7328,0.0,0.108628,0.0,13.1489416455,0.0,-2.22429,0.0,1804.53522794,0.0,-128974.589839,0.0,-0.970723229702,0.0,1
11,5899,813243844.982,163791474118.0,0.270901,77.06325,70.2625,0.755514,0.02328325,7.55147442833,0.419461506779,-1.4626,0.2420475,1390.75282709,1884.95748288,-70592.7697306,20573.4548657,-0.814702115753,0.237435608086,6
11,7230,38285819.7006,19858155047.2,0.270901,84.7319,0.0,0.580022,0.0,7.71601690345,0.0,-1.69506,0.0,1206.96596944,0.0,-63787.9871287,0.0,-0.736168991127,0.0,1
11,5120,9347759.54315,10052634249.5,0.365669,66.5971,29.5505,0.485012,0.195325,10.7681336812,2.55719234552,-1.848965,0.039735,2280.14556037,3.66923640972,-68465.7012578,7680.56845923,-0.790153890889,0.0886404570582,2
11,2372,39338329.6461,13210763089.8,1.259331,72.0891,34.31015,0.739623,0.1258385,11.4343608107,0.462516899035,-2.05893,0.142795,-1349.9697876,1927.51102809,-64375.1373988,9650.84317939,-0.742945217207,0.111379145301,3
11,2598,14402098.1399,6811722499.6,1.259331,69.1189,0.0,0.686768,0.0,12.2939991685,0.0,-1.77706,0.0,3266.10432661,0.0,-68609.4621303,0.0,-0.791813016709,0.0,1
11,660,233666868.808,32301625970.4,2.478413,4.24733,6.068935,0.737876,0.35701525,11.7689301926,0.30495749654,-1.41531,0.2217225,70.5282369327,188.480078111,-112016.4412,15710.8192798,-1.2927674037,0.18131655347,12
11,422,13316050.7215,7469048626.01,3.016505,48.4377,0.0,0.368005,0.0,13.4003791623,0.0,-2.2033,0.0,1641.72823761,0.0,-78556.703704,0.0,-0.906612857924,0.0,1
11,149,56190241.9632,77618795526.9,3.527977,13.69035,2.24375,0.763168,0.004453,12.2212807962,0.0201588460893,-1.852265,0.228705,-82.2328829247,255.523851507,-96359.051325,2026.18624453,-1.11206747215,0.0233839559863,2
12,13513,2473029649.52,113136556906.0,0.18271,20.03915,44.342525,0.7460325,0.19512175,11.7497092507,1.00258749412,-1.28203,0.4414825,246.501419491,516.455919929,-119405.705117,38719.8499263,-0.974381053806,0.315963865693,22
12,14558,16954506.2182,7223435184.92,0.18271,116.394,0.0,0.973072,0.0,11.7871564257,0.0,-1.32022,0.0,224.782288672,0.0,-72697.460468,0.0,-0.593229846687,0.0,1
12,10573,1163412392.87,82866002522.3,0.365669,26.3806,52.7621,0.714602,0.1983175,8.65813536017,1.74830161888,-0.83305,0.5225855,65.9345813346,1997.18906476,-111056.119441,34684.4038576,-0.906246301938,0.283033594989,19
12,11429,28664908.4479,7149763597.72,0.365669,171.562,0.0,0.380101,0.0,10.4441018226,0.0,-1.95725,0.0,15690.1199857,0.0,-59179.0362095,0.0,-0.482916051697,0.0,1
12,7875,11308094.2739,6107492346.28,0.865051,81.8978,0.0,0.556698,0.0,12.0739897355,0.0,-2.0315,0.0,-3460.67018766,0.0,-75829.3262377,0.0,-0.618786671347,0.0,1
12,5780,244460261.174,22257262668.0,1.259331,76.39915,69.2856,0.421395,0.1774705,11.2766174921,0.303764272933,-1.76425,0.2113125,3210.42271483,9301.6193657,-76898.5707384,31615.4829261,-0.627511979592,0.257990416288,10
12,6002,12571824.9361,5443240928.85,1.259331,51.4912,0.0,0.649119,0.0,11.646972761,0.0,-1.83501,0.0,83.0005495724,0.0,-76466.7173095,0.0,-0.623987945303,0.0,1
12,3885,487195246.248,80584600222.6,1.486707,15.73455,11.26365,0.6402525,0.346584,10.492151206,0.948523521909,-1.21735,0.58208475,236.980413119,970.283939403,-123531.479133,19029.2927964,-1.00804842364,0.155283889912,26
12,2355,224493417.031,34758480703.0,1.736966,23.13925,40.7395,0.6198715,0.31793025,12.1413359153,0.563449747715,-1.86214,0.490545,323.614448048,1114.18569372,-112850.8405,36733.2385361,-0.920891684216,0.299752609304,14
12,2680,9460617.30069,1873189859.09,1.736966,62.76375,1.16705,0.608542,0.151961,12.5290323941,0.00565619619117,-1.958555,0.000475,-436.369024347,2290.45659575,-85800.2472216,2695.36460544,-0.700151933469,0.0219948636632,2
12,2803,4195474.12433,1240339060.35,1.736966,32.3044,0.0,0.225117,0.0,12.1234316734,0.0,-1.71092,0.0,-1763.70224886,0.0,-95121.7065382,0.0,-0.776217422493,0.0,1
12,1508,75320146.3479,24741565264.7,2.01241,44.97435,40.5075925,0.6980465,0.08231675,11.9117672811,0.393477239637,-2.06164,0.3721725,1019.53017452,1167.06777327,-98297.6881278,35708.7868369,-0.802134243512,0.291392821761,4
12,1024,7725826.30504,3846621414.86,2.237037,17.4341,0.0,0.367373,0.0,13.0533765729,0.0,-2.31776,0.0,1718.78354635,0.0,-121344.248763,0.0,-0.990200065129,0.0,1
12,659,3858686.0756,3045896073.44,2.478413,38.3404,0.0,0.627664,0.0,12.9919327951,0.0,-1.85939,0.0,-379.390937564,0.0,-97820.8601476,0.0,-0.798243205396,0.0,1
12,439,7281122.18059,4053143109.65,3.016505,4.03575,0.0,0.251203,0.0,12.6468857574,0.0,-2.01182,0.0,319.254101181,0.0,-157301.653418,0.0,-1.28362167179,0.0,1
13,9712,311665636.029,48331970202.5,0.61519,64.5775,15.892,0.793694,0.1824645,9.87705640525,1.21806194255,-1.14009,0.3581815,-110.98115885,1310.75353773,-79553.2848741,5329.60392746,-0.62357075698,0.0417755867744,7
13,8871,5405583.2228,3122297011.59,0.73563,189.829,35.037,0.76418,0.020576,10.7393220049,0.390355432827,-2.114485,0.287985,-515.525815992,948.514754266,-35213.0512368,109.406436708,-0.276014108658,0.000857571810697,2
13,6650,121056392.043,27684282725.3,1.004122,59.76795,1.96445,0.6338395,0.1092985,11.1774351767,0.467146818065,-1.1797945,0.1940955,4019.43422898,1232.71595039,-80013.0650011,4298.134329,-0.627174699196,0.0336905117291,2
13,4848,316154564.115,42189928358.5,1.486707,32.11315,40.2112,0.8831605,0.1649835,11.4908817363,1.80152637718,-1.621585,0.87006,30.3845150853,1130.75363027,-98216.0946357,23339.0868428,-0.769857392771,0.182941183042,18
13,3032,127994807.065,39427185790.3,2.01241,26.65435,41.7701,0.6649575,0.15779325,11.7928792435,0.348172129295,-1.49469,0.1405975,-105.870940278,2023.26962443,-100589.748306,24372.6952237,-0.788463048321,0.191043022728,6
13,3329,5853546.44375,3355820437.21,2.01241,61.1279,0.0,0.804954,0.0,12.0924080028,0.0,-2.21513,0.0,-568.977781492,0.0,-85843.7424243,0.0,-0.672877902279,0.0,1
13,3354,9606340.8712,5371042527.12,2.01241,30.5653,8.5683,0.716869,0.2892515,12.6386510275,0.406629631242,-2.08277,0.14802,-945.48482922,1174.200706,-101812.36657,4637.7987817,-0.798046423758,0.0363529388082,3
13,1553,4090887.14547,972397184.59,3.016505,74.0472,0.0,0.677991,0.0,12.7350069951,0.0,-1.9145,0.0,1590.93724378,0.0,-73718.3898233,0.0,-0.577834494429,0.0,1
13,1110,36826208.2778,9994562597.11,3.527977,32.96695,14.65785,0.62862,0.2757905,12.3978170119,0.186540486681,-1.59382,0.07698,442.819570462,1637.3346595,-101478.996495,10683.7185289,-0.795433334548,0.0837432981048,6
13,486,66710614.0319,13556724208.9,4.485214,58.7044,0.0,0.649447,0.0,13.1288850822,0.0,-2.04456,0.0,2891.79533075,0.0,-82787.0823556,0.0,-0.648918566899,0.0,1
13,335,3831909.86446,871080062.515,5.037236,24.7824,0.0,0.26289,0.0,12.8025222908,0.0,-1.88605,0.0,696.432430993,0.0,-95307.5677258,0.0,-0.747059184881,0.0,1
14,14032,11959579185.5,394798510719.0,0.0,18.798,23.91213,0.57733,0.27153,9.27744864191,2.41176280187,-0.755472,0.516839,1318.64389009,2088.89810139,-108779.43258,40094.5567634,-0.880138120572,0.324406434175,81
14,11865,37255599.931,16354251544.7,0.18271,237.9695,95.8345,0.39934075,0.35260025,11.3434189772,1.08615098198,-2.19982,0.13273,11150.067238,12306.8688211,-41657.2577032,14557.1552214,-0.337050301086,0.117782442264,2
14,8076,4972653155.38,230543638412.0,0.270901,13.6029,11.4991625,0.458398,0.339587,10.4646637131,1.54038575955,-1.012215,0.87613725,502.877173192,857.476179026,-117326.773519,32717.1648404,-0.949294949317,0.264715703052,76
14,3710,15393067.0331,8661576880.81,1.004122,100.7475,40.7995,0.765973,0.016303,11.8251437954,0.0931058426635,-1.668315,0.068155,1608.04649632,4597.74036238,-62532.2632285,1893.54134433,-0.505950686887,0.0153207079729,2
14,3274,5978498.80329,3480820445.09,1.259331,36.3125,0.0,0.391618,0.0,11.341330947,0.0,-1.7348,0.0,1867.86276384,0.0,-85842.5384541,0.0,-0.694554923372,0.0,1
14,2659,77121101.8552,27583789487.7,1.486707,27.1235,20.7285,0.473991,0.2357485,11.4091140479,0.900498012554,-1.79602,0.340085,149.00360943,2185.53743788,-96522.1607143,17481.1776842,-0.780964113433,0.141440808317,7
14,1376,117016015.955,39799663368.6,2.237037,6.61696,12.62557,0.561092,0.4174215,11.6844198363,0.807199834977,-1.579945,0.813685,-146.747808401,557.066444076,-145370.414783,51042.5893591,-1.17619701279,0.412987341468,8
15,17859,595251587.23,92011734995.0,0.18271,36.7853,27.24775,0.739128,0.145116,6.38646632123,6.55241276515,-0.90255,1.171949,131.08478397,780.453406584,-71248.0394944,21816.5148136,-1.00248401052,0.306965741389,11
15,15570,1466512829.57,178440302826.0,0.365669,5.13433,11.990965,0.4610515,0.385557,8.39998337972,1.71877634013,-0.865432,0.79789625,11.9217130706,242.489999762,-94722.5473133,25045.2607897,-1.33277827419,0.352395289177,34
15,13146,22570421.1961,18667238941.1,1.486707,25.0904,0.0,0.58978,0.0,10.7873595135,0.0,-1.84134,0.0,-1097.51493454,0.0,-75154.1545484,0.0,-1.05744437031,0.0,1
16,14713,2493716471.84,156473160071.0,0.270901,51.323,37.1829,0.856813,0.129014,10.682653943,1.37514132948,-0.865398,0.597724,642.35890944,1742.81357419,-80767.5131806,26338.6531585,-0.654505029035,0.213437064872,89
16,13083,2056966449.58,104334383600.0,0.365669,43.3897,27.73885,0.6473575,0.24127875,11.2618869649,1.25798233805,-1.32635,0.6848005,2414.19588071,4638.95622911,-86809.7587861,20962.6818409,-0.703468776707,0.169872516147,56
16,9527,193473215.505,39206016234.3,0.865051,38.4645,1.4853,0.5320535,0.1588065,11.5959383115,0.715361275523,-1.85907,0.24969,11.3022562194,578.796835399,-83659.6927333,5032.85207028,-0.677942002486,0.0407840585982,2
16,5143,10966717255.8,321820233624.0,1.004122,9.376475,9.48452,0.554342,0.2578105,11.9824898982,1.74892301228,-0.8985765,0.6813455,69.5005332595,831.687035348,-139763.741336,38575.5224201,-1.13258497109,0.312599366099,42
16,7447,8864422.09144,5826969686.4,1.004122,25.0262,0.0,0.544243,0.0,13.2582174005,0.0,-2.43617,0.0,2006.35977506,0.0,-108359.970966,0.0,-0.878102384862,0.0,1
16,7518,8591612.22405,6306372386.12,1.004122,119.763,0.0,0.651102,0.0,11.0612574512,0.0,-2.49156,0.0,-6325.05446685,0.0,-54883.81724,0.0,-0.444754740881,0.0,1
16,1715,372958232.541,140519428521.0,2.01241,37.8696,49.6018,0.511861,0.53501,12.0353905074,0.190268820851,-1.74675,0.51566,782.666763823,2302.67923836,-87941.0176198,46538.3872541,-0.712636009505,0.377126982143,21
16,1364,6821855.40465,3093878604.04,2.237037,72.64845,18.78415,0.7461925,0.1810065,12.6730326368,0.22570072088,-1.991895,0.155875,3216.44886112,3017.90207278,-73356.2616252,9563.39247628,-0.594447448661,0.0774976005064,2
16,646,8062492.81941,2547754674.28,2.478413,17.6134,0.0,0.620734,0.0,12.432879037,0.0,-2.43002,0.0,1258.6953526,0.0,-119920.053932,0.0,-0.971780302372,0.0,1
16,187,19215641.5122,10113177335.4,3.983664,27.1469,0.0,0.454281,0.0,12.4780263941,0.0,-1.69339,0.0,2799.71220369,0.0,-100896.005022,0.0,-0.817617629862,0.0,1
17,14217,42130603.619,16351417751.5,0.100639,92.8321,0.0,0.56657,0.0,10.4735442973,0.0,-1.8914,0.0,76.7335904256,0.0,-58297.3241371,0.0,-0.591250756694,0.0,1
17,11843,3628684071.75,142250832193.0,0.18271,15.0389,10.4601,0.263713,0.25385,9.39916324747,1.71645406287,-0.884918,0.654117,1108.68703766,951.448957166,-96756.8984002,17295.2390787,-0.981307293967,0.175408105669,65
17,9844,62789006.6515,15766804982.1,0.365669,67.8403,0.0,0.284185,0.0,9.76688087438,0.0,-2.02903,0.0,6587.17691415,0.0,-60816.6949871,0.0,-0.616802185401,0.0,1
17,6008,710043464.154,76364482312.8,0.865051,20.2632,17.398,0.600632,0.354716,9.89138134,0.461680261444,-1.02997,0.309488,414.575631743,1834.02394318,-91533.377571,20045.1659639,-0.92833040886,0.203297830898,29
17,2724,900502489.945,283658400703.0,1.004122,18.82,19.7456,0.507238,0.174079,10.3978164477,0.532471562585,-1.00769,0.601077,308.619472211,614.51171735,-99308.9070475,18025.1736953,-1.00718973482,0.182811093728,13
17,3904,995807091.325,98230150292.3,1.004122,25.3936,31.45285,0.710716,0.23019975,9.35188263535,0.917127778169,-1.108505,0.4632695,172.842235124,1327.60568481,-90402.8572504,31304.1116763,-0.916864685435,0.317485922214,12
17,4822,16696305.3829,7842066225.72,1.004122,57.1072,5.6637,0.554015,0.242983,10.7226698494,0.682343582783,-1.4261,0.20743,318.510398573,234.077516743,-68201.3260388,3881.49166868,-0.691697024261,0.0393660415839,2
18,7852,3165212883.54,241479174268.0,0.0,43.3135,41.8184,0.623245,0.141302,9.66407531365,2.04361958123,-1.2325,0.7290505,846.186615194,2891.29543524,-50087.3938624,16098.0773571,-0.739700930449,0.237739716149,15
18,6084,15889908.1125,6075208475.94,0.18271,199.118,0.0,0.200768,0.0,11.286583396,0.0,-1.57445,0.0,25725.0830025,0.0,-8479.29371582,0.0,-0.125223952924,0.0,1
18,3937,8212122.66766,989867515.298,1.004122,110.105,0.0,0.777984,0.0,12.436640384,0.0,-1.49082,0.0,4746.79767065,0.0,-32336.3334108,0.0,-0.47754962011,0.0,1
18,3166,6036666.52535,4107299606.69,1.486707,27.767,0.0,0.462398,0.0,12.7281131441,0.0,-2.35238,0.0,791.784482916,0.0,-60058.2400932,0.0,-0.886952437575,0.0,1
18,1099,7718574.61136,5757078688.92,3.527977,35.0349,0.0,0.477284,0.0,12.8959098194,0.0,-2.18769,0.0,-2953.62799404,0.0,-58542.402435,0.0,-0.864566235385,0.0,1
18,788,14503878.6626,7201079265.44,3.983664,36.4271,0.0,0.825369,0.0,12.7250758545,0.0,-2.23956,0.0,1122.29127871,0.0,-63400.7822148,0.0,-0.936315786849,0.0,1
18,414,8570134.56773,910630805.031,5.037236,17.8909,13.852,0.586687,0.210034,12.7472358479,0.0187041953735,-2.09502,0.476105,654.103180764,1341.30470678,-69277.7758063,6390.45528547,-1.02310843651,0.0943755575232,3
18,176,13438758.3456,6988204403.3,5.971162,10.3542,0.0,0.68775,0.0,13.2681716443,0.0,-2.27671,0.0,-24.3085149132,0.0,-85659.5448666,0.0,-1.26503777006,0.0,1
19,5189,393213790.806,60139156925.3,0.0,21.85865,26.011325,0.7506385,0.41108075,7.06827447349,2.0218203485,-1.41952,0.4491525,56.4371520169,780.868112032,-65351.8900418,11706.0163439,-1.07986476244,0.193428446373,12
19,1864,5812560.58908,5799553484.73,0.61519,104.2,0.0,0.570088,0.0,12.9889762194,0.0,-2.22129,0.0,-6044.42171521,0.0,-41095.3161951,0.0,-0.679052799115,0.0,1
20,6450,1812927997.69,124261680739.0,0.0,23.3169,22.289575,0.266279,0.11216675,9.09625714185,0.838551480646,-1.281125,0.51742975,2211.55275281,2727.17585036,-56515.6244745,17502.3219956,-0.881113736716,0.272872085872,20
20,5429,6186612.87828,3033861907.09,0.18271,135.585,0.0,0.363451,0.0,13.175507879,0.0,-2.41685,0.0,12101.4206438,0.0,-32439.9488761,0.0,-0.505758979731,0.0,1
20,3716,15352703.881,8499693585.58,0.61519,70.252,0.0,0.726847,0.0,11.0476010073,0.0,-1.95125,0.0,2922.19365244,0.0,-35668.8328282,0.0,-0.556099288821,0.0,1
20,3199,29514779.8066,14196753378.8,0.73563,31.885,0.0216,0.7374315,0.0113275,13.3904584897,0.00214081149654,-1.98526,0.08163,-560.798025813,294.892363839,-55074.3674554,882.399261615,-0.858643643367,0.0137571533166,2
20,1447,41746970.7284,15572508088.2,1.736966,13.3673,5.73579,0.6045,0.2167705,10.9828264243,1.01719240686,-2.38864,0.46992,53.6355095943,350.742437027,-67331.9093053,5383.30723105,-1.04974634466,0.0839291080007,3
20,1098,19874117.2867,13652958841.1,2.01241,10.595385,3.429115,0.6390645,0.2286245,12.1313702111,0.00625195707748,-1.814735,0.022105,506.240849893,629.317346828,-73071.6525334,6322.79288577,-1.13923251155,0.0985762736919,2
20,1067,4818156.09539,268411371.179,2.237037,7.89792,0.0,0.799787,0.0,11.6324702755,0.0,-1.69876,0.0,186.754226926,0.0,-78304.753167,0.0,-1.22081980527,0.0,1
21,30375,3905595008.54,223441121852.0,0.0,11.5715,11.158045,0.772871,0.2369555,11.0080044919,2.40892246065,-1.00948,0.49436,21.0358292167,401.502263665,-100306.905949,16741.7745367,-1.14140786947,0.190507253955,39
21,29543,74423427.1412,21497647776.7,0.100639,62.61995,16.95905,0.5925165,0.1576615,10.2635716818,0.760717291866,-0.8015385,0.1271435,720.260872238,1142.90250024,-63668.1625129,682.856741129,-0.724489914622,0.00777033296634,2
21,27202,2246342684.05,143121438197.0,0.270901,24.8335,50.414025,0.7081475,0.35791275,10.5968379479,2.5439736902,-0.8335145,0.52720275,218.911270227,943.767521286,-86996.2002693,41392.8882688,-0.989943281194,0.471016107647,40
21,23821,706292558.019,88866481356.0,0.73563,21.51695,20.779575,0.393379,0.34320825,10.7690598126,0.61704376476,-1.469465,0.7565895,-37.5099895431,1106.09409298,-84113.4370791,17462.3475296,-0.957139870901,0.198706766011,8
21,22236,6192916.34624,4351795625.6,1.736966,35.9363,0.0,0.744126,0.0,12.6674167868,0.0,-2.17548,0.0,1033.26313667,0.0,-82058.2927178,0.0,-0.933754063865,0.0,1
21,21996,27624290.8334,13738583019.7,2.01241,51.9628,11.8307,0.6793685,0.1454995,12.0896813566,0.2655460628,-1.38305,0.2528725,-1248.31934518,1990.65882769,-71033.9472921,9089.05834694,-0.808306324194,0.103425807278,4
21,21091,74661129.4664,18799707779.4,2.478413,17.1674,6.4538,0.74453,0.401231,11.9991717722,0.0695932707628,-1.50627,0.49116,155.586251041,1695.36873742,-91687.9927774,13483.6621648,-1.0433319172,0.153432686998,5
21,20597,9942011.06144,6731159042.89,3.016505,21.87625,7.10245,0.33941885,0.31603215,12.4111009431,0.00577620260915,-1.857415,0.048375,-919.202715924,569.49673293,-84716.4347598,3627.45156669,-0.964001475208,0.0412773350466,2
21,20888,7284732.99668,489063663.206,3.016505,24.2752,0.0,0.43852,0.0,11.9814523775,0.0,-1.36857,0.0,-408.156060854,0.0,-83874.7323113,0.0,-0.954423612255,0.0,1
21,20182,54405000.8925,18487353759.0,3.527977,6.29164,8.56392,0.594051,0.337114,12.5526704246,0.0842979891544,-1.91101,0.3821,58.8998622956,147.274307072,-116068.480057,15144.7092505,-1.32076127044,0.172333999896,3
21,19910,42789204.7929,15245596356.7,3.983664,9.93374,14.144585,0.39184,0.2239755,12.5756268837,0.307807551799,-1.94334,0.36533,438.215912897,2027.02335275,-104957.404565,16965.3077547,-1.19432661586,0.193050873178,3
21,19712,17491581.6146,11404019392.8,4.485214,9.62136,0.0,0.845391,0.0,12.8336051695,0.0,-2.37207,0.0,197.328254957,0.0,-106714.2504,0.0,-1.21431803761,0.0,1
22,26565,13305823.7979,1855073855.38,0.0,143.136,0.0,0.181785,0.0,12.5354013487,0.0,-2.27093,0.0,10830.3590213,0.0,-33433.6881694,0.0,-0.360889384544,0.0,1
22,21881,3230146721.82,227991711764.0,0.61519,26.7603,19.281975,0.7668885,0.1926275,9.98681918162,1.96694022742,-0.7345725,0.59706125,239.90906812,1016.67643267,-81643.0700655,25848.3470276,-0.881270327073,0.279011815957,108
22,19074,2705870132.73,149606395405.0,0.73563,14.8598,10.2247,0.676107,0.298581,11.0587723006,0.458752360336,-1.08913,0.529147,55.3005767395,800.298372805,-94893.4351704,19932.0454027,-1.02429720713,0.21515016715,41
22,20737,71945733.9252,21073686983.3,0.73563,116.67405,75.69595,0.6795365,0.0438955,12.3056771466,0.920934403487,-1.6215,0.21317,5754.15876954,4278.50629858,-53539.7691534,15943.5905038,-0.577918123796,0.17209805078,2
22,17446,338714833.111,39599063879.5,0.865051,35.3254,39.057125,0.4812845,0.2579115,11.3001688588,1.13238420456,-1.40214,0.32545,-840.127027916,3718.67287962,-76643.4033708,30462.4162277,-0.827303004436,0.328816928257,8
22,16388,83840256.8551,9381649714.75,1.004122,81.3674,97.3782,0.707813,0.2452125,10.768761916,0.0383735033055,-1.63136,0.299165,-229.485985018,1354.84360319,-45649.7345979,29715.0669998,-0.492751638414,0.320749903119,11
22,14804,41957820.4003,21417889954.6,1.736966,42.6964,0.0,0.623555,0.0,11.0859897448,0.0,-1.63302,0.0,1641.19126539,0.0,-67859.3424437,0.0,-0.732486233826,0.0,1
22,15157,17323934.6186,5292274597.67,1.736966,29.46375,9.71315,0.7000475,0.1271555,11.4739210189,0.666023849074,-1.80973,0.33652,1111.55267242,462.704619973,-83286.0991983,10495.6965578,-0.89900548598,0.113292480683,2
22,13264,6128213.25319,4543481682.96,2.478413,49.9559,0.0,0.621257,0.0,11.6426676629,0.0,-1.40303,0.0,1475.30918083,0.0,-65535.2871675,0.0,-0.707399953364,0.0,1
22,13163,5056050.81413,3078504704.23,3.016505,85.8167,0.0,0.833063,0.0,13.0704439429,0.0,-2.02661,0.0,1026.39603314,0.0,-51644.0381671,0.0,-0.557455254566,0.0,1
23,24919,1975929594.61,95176464585.7,0.100639,46.4525,46.7771,0.827511,0.0932585,7.15807186813,4.96682941807,-0.937298,0.8098275,-219.002605645,1544.22729697,-79266.1006546,17454.6056164,-0.616813749683,0.13582402377,15
23,23148,1104458478.31,84654300178.0,0.18271,45.1907,27.559025,0.745461,0.10316375,10.0016128165,5.6398129039,-1.014201,0.6893455,-1403.23598418,2856.24420868,-82865.8399015,10259.9593784,-0.644825328964,0.0798384676873,10
23,24038,17680610.0701,8332797941.67,0.18271,113.214,0.0,0.916787,0.0,7.22201439371,0.0,-1.2637,0.0,2080.13615836,0.0,-62133.9439057,0.0,-0.483498880437,0.0,1
23,20945,146906880.638,25274867203.7,0.365669,75.46025,89.8538,0.745831,0.049364,11.2737548951,0.0998710227448,-1.675705,0.1186,-1947.34778177,7432.0739308,-71905.6935954,21552.0159812,-0.559538316176,0.167708259657,8
23,21191,7133908.84782,3525653876.82,0.365669,280.217,0.0,0.910216,0.0,12.5147186865,0.0,-2.41835,0.0,-247.001470842,0.0,-22586.3907851,0.0,-0.175757307057,0.0,1
23,20065,26573263.3495,12575787605.7,0.503107,65.7992,0.0,0.593005,0.0,11.9005787126,0.0,-2.46294,0.0,-3887.12210716,0.0,-69534.2949601,0.0,-0.541085140454,0.0,1
23,20385,9443008.1305,4642754595.28,0.503107,37.7681,0.0,0.466463,0.0,12.353546687,0.0,-2.02857,0.0,-3054.70216318,0.0,-90675.6744522,0.0,-0.705598008505,0.0,1
23,19250,115414655.092,24471600287.5,0.61519,38.1565,11.65475,0.715095,0.2820525,10.1105209017,0.0726476725209,-1.82969,0.244055,-20.2259475461,3634.22184396,-87498.7508623,12352.4332911,-0.68087659373,0.096121174538,7
23,17381,92673639.1552,21266006730.3,1.004122,34.0177,3.5391,0.555682,0.274647,12.0193593786,0.318927252624,-1.52319,0.29461,-1050.37824809,1565.64122633,-94887.8343533,8658.59318131,-0.73837517455,0.067377343947,5
23,17574,17957284.1291,8101158654.32,1.004122,146.526,35.341,0.859324,0.121923,12.7897734059,0.560081565694,-2.27473,0.481125,-484.29816409,2766.51085892,-54127.0506194,6798.83834985,-0.421192776939,0.0529055540947,3
23,17671,4885566.01215,2218011128.47,1.004122,45.0298,0.0,0.977214,0.0,11.4234783646,0.0,-2.41635,0.0,121.790229994,0.0,-81236.7820409,0.0,-0.632148720941,0.0,1
23,16494,41020660.7405,19006898344.4,1.486707,30.8127,5.1231,0.7971,0.1473,12.5641482261,0.0331294500843,-2.06188,0.160185,298.079003648,1221.14073981,-98699.0791105,3651.58018378,-0.768032596199,0.0284149825313,3
23,15935,142084850.474,34188006996.2,1.736966,14.4993,21.9428,0.716575,0.142153,12.0369661299,0.387381188313,-1.55032,0.583905,115.411151732,1106.75214263,-115657.699685,28461.8465081,-0.89999708366,0.221477505801,7
23,16177,66113218.0802,10686555196.5,1.736966,37.9785,21.901725,0.786552,0.01831475,12.151510637,0.0507654597802,-2.177315,0.27615,81.245150993,940.394306041,-90909.6137283,19897.0104241,-0.707418420522,0.154829738133,10
23,15187,23650977.666,5966587212.3,2.237037,39.4432,8.15,0.536999,0.176707,12.084852778,0.0225685755914,-2.21485,0.08893,2296.34986586,2068.85452628,-80077.9931266,9652.0829457,-0.623131537941,0.0751082420457,5
23,13911,211706785.47,85758948301.5,2.478413,10.8631,9.28314,0.619733,0.299272,12.060049345,0.356952888441,-1.7225,0.72889,35.414456766,292.872836768,-130965.455933,34448.3932481,-1.01911527482,0.268062165723,13
23,13286,6467154.13507,6987793670.39,3.016505,17.6535,0.0,0.61131,0.0,12.3543991067,0.0,-1.69345,0.0,1319.76872658,0.0,-111500.102499,0.0,-0.867644500543,0.0,1
23,13375,7373867.93299,3373718321.53,3.016505,6.82542,0.0,0.656417,0.0,12.3404969724,0.0,-1.8121,0.0,-48.7574104874,0.0,-147277.03126,0.0,-1.14604474225,0.0,1
24,7147,979742663.298,85315462303.5,0.503107,35.4287,16.5665,0.821424,0.155548,8.9250343997,2.27675696819,-0.964066,0.375199,-202.109155284,569.332963217,-46915.8959527,12461.5246469,-0.688567359712,0.182893216678,29
24,2659,2121494172.4,303944912354.0,0.865051,22.0671,29.78314,0.563352,0.2570425,10.5882895175,1.86201847878,-1.14558,0.628692,602.12722697,1540.83199391,-61660.3738635,30237.970498,-0.904966642284,0.443791578229,43
24,850,265103822.413,47902728808.7,2.01241,25.2729,29.0742225,0.600952,0.379743,11.9085060526,0.297065793805,-1.27571,0.14974275,2.68508610922,2038.63598142,-62357.7049718,20948.1190264,-0.915201114638,0.307447842912,4
